nl,en
ik,I
je,you
het,it
de,the
dat,Which
is,is
een,a
niet,not
en,and
van,from
wat,what
we,we
in,in
ze,they
hij,he
te,to
zijn,to be
op,on
maar,but
er,there
met,with
voor,in front of
die,That
heb,have got
me,me
als,as
was,used to be
ben,am
om,to
dit,this
mijn,my
aan,On
u,you
dan,than
n,n
naar,to
weet,know
hier,here
zo,so
jij,you
kan,can
geen,no
nog,yet
ja,Yes
hem,him
heeft,has
wel,well
moet,must
wil,want
hebben,to have
goed,good
haar,her
nee,No
hoe,how
nu,now
waar,true
over,about
ook,also
doen,to do
uit,from
zou,would
ga,ga
of,or
gaan,to go
bent,are
mij,me
bij,Bee
al,already
ons,U.S
had,had
iets,something
daar,over there
jullie,you
gaat,goes
zal,shall
m,m
hebt,have
kom,bowl
waarom,why
meer,more
deze,this one
moeten,should
t,t
laat,late
kunnen,can
dus,So
jou,you
denk,think
wie,Who
alles,everything
echt,for real
doe,do
door,through
alleen,only
s,s
toch,However
zien,see
weg,away
eens,once
man,man
misschien,perhaps
laten,leave
nooit,never
nou,Well
zei,said
terug,back
oké,Okay
mee,along
niets,nothing
iemand,someone
komt,coming
toen,then
veel,a lot of
even,for a bit
onze,our
gewoon,just
weten,know
komen,come
nodig,required
mensen,people
tot,until
worden,turn into
zeggen,say
tijd,time
weer,weather
leven,life
twee,two
net,just
tegen,against
maken,to make
uw,your
zeg,say
omdat,because
zit,is
wordt,is becoming
z,z
hou,love
kijk,look
heel,very
wij,we
altijd,always
mag,allowed
gedaan,done
dood,death
zeker,certainly
af,down
jaar,year
hun,their
wilde,wanted to
dag,day
allemaal,all of them
jouw,your
huis,House
dacht,thought
doet,is doing
vader,father
kunt,can
wacht,wait
zie,see
vrouw,woman
keer,time
andere,Others
zoals,as
zij,she
dank,thanks
anders,different
geef,give
waren,goods
willen,want
zich,herself
bedankt,thanks
één,a
mr,mr
erg,very
wilt,To
praten,to talk
spijt,regret
geld,money
kon,could
werk,work
oh,Oh
iedereen,everyone
beter,better
werd,became
moeder,mother
niemand,no one
vinden,find
staat,state
gezien,seen
niks,nothing
binnen,within
zitten,to sit
zullen,shall
na,after
helpen,help out
wist,knew
vind,find
genoeg,enough
sorry,Sorry
vast,fixed
elkaar,each other
ging,went
uur,hour
klaar,ready
hele,all
neem,take
leuk,fun
natuurlijk,of course
alle,all
god,God
maak,making
lang,long
kwam,came
graag,gladly
hé,Hey
toe,to
drie,three
zegt,says
bedoel,mean
deed,did
dingen,stuff
maakt,makes
alsjeblieft,please
eerste,first
krijgen,to get
zonder,without
steeds,ever
hallo,Hey
houden,to keep
vertellen,to tell
ziet,sees
idee,idea
geven,to give
achter,behind
geweest,been
blijven,stay
helemaal,all the way
mooi,beautiful
onder,below
kijken,look
zag,saw
goede,well
naam,name
moest,had to
blijf,stay
kun,you
auto,car
luister,listen
grote,great
lijkt,seems
snel,fast
ooit,ever
vragen,questions
paar,couple
wanneer,when
want,because
meneer,Mr.
nieuwe,new ones
gebeurd,happened
zorgen,to care
vriend,friend
beetje,bit
kinderen,children
gek,crazy
hand,hand
vraag,ask
laatste,last
geweldig,awesome
hadden,had
zelfs,even
enige,some
bang,anxious
nemen,take
samen,together
eten,food
o,O
zelf,self
hoor,hear
geleden,ago
staan,stand
gevonden,found it
jongen,boy
denken,to think
vandaag,today
denkt,think
beste,Best
gezegd,said
thuis,home
wereld,world
jongens,boys
heen,away
ken,ken
hen,them
eerst,first
eigen,own
zoon,son
gelijk,equal
buiten,Outside
vertel,tell
morgen,tomorrow
meisje,girl
probleem,problem
alsof,as if
geloof,faith
halen,get
familie,family
elke,each
hoop,hope
politie,Police
mannen,men
bijna,almost
vermoord,murdered
eigenlijk,actually
werken,to work
verdomme,damn
horen,to hear
manier,way
zat,was sitting
vrienden,friends
precies,exactly
kind,child
hè,Hey
kleine,little
begrijp,understandable
wou,wanted
geeft,gives
orde,order
houdt,keeps
vroeg,early
stop,Stop
wachten,to wait
rustig,quiet
hoofd,head
krijg,receive
daarom,therefore
gebeurt,happens
soms,sometimes
volgens,according to
dagen,days
vond,found
krijgt,gets
gemaakt,made
kant,side
werkt,works
open,Open
gehad,had
voel,feel
zaak,matter
blij,happy
volgende,next one
zoek,Search
kans,opportunity
vanavond,tonight
bel,bell
probeer,try
zoeken,Search
oude,old
ding,thing
moment,moment
best,best
tussen,between
plaats,place
pas,only
gehoord,heard
vijf,five
verteld,told
zet,move
prima,fine
hulp,help
stad,city
vindt,finds
brengen,bring
pijn,pain
slecht,bad
geloven,to believe
eruit,get out
minuten,minutes
school,school
plan,plan
broer,brother
pak,business suit
jezelf,yourself
hoeveel,How much
kamer,room
betekent,means
spreken,to speak
juist,right
heet,hot
soort,kind
haal,get
ergens,somewhere
vier,four
gebruiken,use
ligt,lies
blijft,continues
welke,which
proberen,to attempt
dokter,doctor
agent,agent
help,Help
later,later on
voordat,prior to
ogen,eyes
vrij,free
klopt,right
gaf,gave
foto,photo
word,become
zodat,so that
dochter,daughter
problemen,issues
plek,place
water,water
kent,knows
week,week
beginnen,to start
praat,talking
eerder,earlier
lk,l
mis,wrong
handen,hands
deur,door
baby,baby
bellen,dial
boven,above
groot,big
echte,real
hoeft,need
ie,ie
doden,kill
stoppen,stop
moeilijk,difficult
dr,dr
sinds,since
land,country
spelen,play
zoveel,that much
hetzelfde,the same
mevrouw,Mrs.
snap,snap
breng,bring
pakken,to grab
druk,pressure
verhaal,story
lekker,yummy
vrouwen,women
schat,treasure
vergeten,forget
gebeuren,to happen
ervan,it
kreeg,received
waarschijnlijk,probably
hoi,Hi
mogelijk,possible
mooie,beautiful
bloed,blood
wees,orphan
nacht,night
nieuws,news
bed,bed
liet,showed
lopen,walk
gelukkig,happy
waarheid,truth
reden,reason
papa,Daddy
hoorde,heard
klinkt,sounds
maanden,months
vermoorden,murder
zorg,care
dollar,dollar
bezig,busy
voorbij,past
terwijl,while
sta,sta
zaken,Affairs
avond,evening
tien,ten
schuld,debt
veilig,safe
redden,to rescue
hart,heart
zult,shall
duidelijk,clearly
stel,set
the,the
schiet,shoot
eraan,it
zes,six
begin,get started
gekomen,come
vol,full
vriendin,girlfriend
rond,round
voelt,feels
baas,boss
moord,murder
ander,other
klein,small
fijn,nice
jaren,years
mam,mam
lichaam,body
eerlijk,fair
gezicht,face
ver,far
wakker,awake
ouders,parents
zoiets,something
leren,to learn
telefoon,phone
los,loose
per,per
mama,mom
nummer,number
fout,wrong
mogen,be allowed to
meteen,right away
slapen,to sleep
zeer,very
dezelfde,the same
liefde,love
alstublieft,Please
deel,part
liggen,lie
erop,on
vaak,often
vallen,fall
belangrijk,important
sterven,to die
oud,old
neer,down
buurt,neighborhood
langs,along
houd,love
rest,rest
stond,was standing
sir,sir
begrepen,understood
drinken,drink
team,team
vertelde,told
beneden,down
vergeet,forgets
vooruit,forward
mrs,mrs
hoort,hears
baan,job
dicht,close
inderdaad,indeed
geval,case
zetten,put
oorlog,war
mezelf,myself
tijdens,while
john,John
maakte,made
kennen,know
gebruikt,used
oke,Okay
geluk,luck
hey,hey
hield,held
wapen,weapon
kop,head
vertrouwen,trust
rust,peace
mond,mouth
weken,weeks
elk,each
betalen,Pay
anderen,others
neemt,take
recht,straight
nam,took
jack,jack
kantoor,office
gegeven,given
ermee,it
overal,everywhere
eén,a
daarna,afterwards
tweede,second
onderzoek,research
welkom,welcome
hard,hard
liever,rather
bewijs,proof
vanaf,from
aardig,nice
klootzak,asshole
stuk,piece
woord,word
veranderen,change
zin,sentence
straks,later
vent,guy
zus,sister
haat,hate
vandaan,from
miss,miss
lieverd,darling
zichzelf,himself
nieuw,new
ontmoeten,Meet
werden,were
allebei,both
minder,less
pap,dad
nergens,nowhere
kwaad,pissed off
sam,sam
erin,it
ervoor,before
kerel,dude
gisteren,yesterday
ontmoet,meets
miljoen,million
film,movie
verloren,lost
probeerde,attempted
gebeld,called
new,new
antwoord,answer
noemen,to mention
informatie,information
boek,book
stil,quiet
kapitein,captain
kwijt,lost
enkel,only
valt,falls
boos,angry
licht,light
geworden,become
pa,dad
persoon,person
konden,could
beschermen,to protect
slechte,poor
ziekenhuis,Hopital
gevoel,feeling
gegaan,gone
voorzichtig,cautious
hond,dog
rijden,to drive
eindelijk,Finally
gesproken,speaking
meisjes,girls
aarde,soil
ten,at
normaal,normal
grappig,funny
heren,Gentlemen
voelen,to feel
moordenaar,killer
mens,man
president,president
nogal,quite
gevangenis,jail
loopt,runs
degene,the one
prachtig,magnificent
hoezo,how so
kopen,to buy
vechten,fight
punt,point
vreemd,strange
trouwen,Marry
contact,Contact
verkeerd,wrong
meen,mean
koffie,coffee
verwacht,expected
schip,ship
ziek,ill
plezier,pleasure
einde,end
stap,step
advocaat,lawyer
begon,began
enkele,a few
erbij,there
gang,corridor
gebeurde,happened
heer,lord
herinner,remember
jezus,Jesus
opnieuw,again
serieus,serious
zomaar,No reason
pardon,excuse me
gevraagd,asked
controle,check
getrouwd,married
daarmee,therewith
spel,game
bedoelt,mean
perfect,perfect
stellen,set
juiste,right
koning,king
beloof,promise
grond,ground
waard,worth
winnen,to win
nadat,after
gebruik,use
naartoe,more
begrijpen,to understand
veranderd,changed
acht,eight
he,Hey
gingen,used to go
kwamen,came
leeft,lives
leg,put
gekregen,got
langer,longer
verliezen,to lose
vroeger,back in the days
lucht,sky
wapens,weapons
verlaten,leave
probeert,try
dames,Women
seks,sex
schieten,shoot
toekomst,future
behalve,except
slim,smart
meest,most
stuur,handlebar
leger,army
woorden,words
zeven,seven
brengt,brings
charlie,Charlie
half,half
hierheen,here
trots,pride
spullen,stuff
geheim,secret
helpt,help
vraagt,asks
michael,michael
weinig,few
ongeveer,about
schatje,baby
sommige,some
makkelijk,easy
kracht,power
gedood,slain
gestolen,stolen
tenminste,at least
lange,long
ongeluk,accident
frank,frank
zodra,as soon
werkte,worked
wilden,wild ones
eet,eat
slechts,only
lief,sweet
nietwaar,not true
relatie,relation
trek,pull
afgelopen,past
val,fall
volgen,to follow
ter,to
voelde,felt
bekend,known
bewijzen,prove
hoef,hoof
via,through
oom,uncle
loop,course
belde,phoned
lijken,appear
sturen,send
men,one
slachtoffer,victim
george,George
genomen,taken
maand,month
onzin,nonsense
meid,girl
york,york
erger,worse
idioot,idiot
ziens,Goodbye
dienst,shift
erover,about
feest,party
leek,layman
vreselijk,horrible
eentje,one
gevaar,Danger
wonen,live
grootste,main
succes,good luck
vertrekken,leave
jawel,Yes
muziek,music
mocht,if
raar,weird
slaap,sleep
joe,joe
absoluut,absolutely
vorige,previous
ruimte,space
ieder,each
schuldig,guilty
goeie,good
begonnen,started
luisteren,listen
sterk,strongly
omhoog,up
totdat,until
afspraak,appointment
lezen,read
zwarte,black
vanwege,because of
hemel,sky
tenzij,unless
gisteravond,yesterday evening
begrijpt,understands
ene,one
lag,was
naast,next
vooral,mostly
fantastisch,fantastic
gered,saved
viel,fell
trouwens,Besides
uh,uh
bank,Bank
pistool,pistol
noem,call
bedrijf,company
camera,camera
blijkbaar,apparently
woont,lives
verkopen,to sell
beide,both
zolang,so long
straat,street
mike,Mike
geest,spirit
david,david
vuur,fire
peter,Peter
verkeerde,false
moesten,must
lieve,dear
tom,Tom
geprobeerd,tried
meeste,most
kijkt,looks
stierf,died
hotel,hotel
droom,dream
verliefd,in love
jammer,Unfortunately
gedacht,thought
let,beware
rug,back
vertaling,translation
slaan,to beat
gaten,holes
doel,target
meter,meter
drugs,drugs
gevaarlijk,dangerous
geweldige,great
lijst,list
fbi,fbi
namen,names
deden,did
jonge,young
schelen,care
goedemorgen,good morning
dragen,to wear
iedere,every
excuseer,excuse
stom,stupid
jong,young
zover,so far
betaald,paid
kende,knew
kleren,clothes
gesprek,conversation
lukt,succeed
welk,which
vertelt,tells
prijs,price
voorstellen,introduce
huwelijk,wedding
tv,TV
missen,to miss
schrijven,to write
groep,group
herinneren,to remind
regels,rules
vonden,found
vliegtuig,plane
onderweg,on the way
delen,share
geleerd,learned
stomme,mute
bestaat,exists
james,james
vertrouw,trust
daarvoor,therefor
shit,shit
trekken,Pull
zak,bag
vanuit,from
gebracht,brought
stem,voice
gezin,family
keuze,choice
raken,touch
direct,straight away
verdomde,damn
boot,boat
dom,stupid
verleden,past
gemist,missed
duurt,takes
gedachten,thoughts
situatie,situation
moe,tired
deal,deal
tafel,table
band,band
generaal,general
reis,trip
partner,partner
leuke,nice
raad,council
honger,hunger
geraakt,hit
gebouw,building
zwaar,heavy
gast,guest
gestuurd,forwarded
geboren,born
bracht,brought
rechter,judge
agenten,agents
bureau,desk
macht,power
spreek,speak
derde,third
regel,rule
kolonel,colonel
ruzie,fight
oma,Grandma
zeiden,said
speelt,plays
dronken,drunk
vliegen,fly
luitenant,lieutenant
gelooft,believes
arme,poor
seconden,seconds
liep,ran
tuurlijk,of course
red,red
gefeliciteerd,congratulations
koud,cold
regelen,arrange for
henry,Henry
bericht,message
vlucht,flight
moeite,effort
hel,hell
dame,Lady
oog,eye
ma,mom
dansen,to dance
teken,sign
onmogelijk,impossible
gewerkt,worked
helaas,unfortunately
grapje,just kidding
arm,arm
show,show
lachen,laugh
leggen,down
sleutel,key
wet,law
liefje,sweetheart
keek,watched
paul,paul
alex,alex
aantal,number
zoekt,searches
extra,additional
zweer,ulcer
leiden,lead
harry,harry
mary,mary
lijk,corpse
kapot,Broken
bleef,Remained
gebroken,broken
uiteindelijk,finally
verdwenen,disappeared
kaart,Map
kerk,church
mijne,mine
dode,dead
brand,fire
i,i
max,max
betrokken,concerned
wegwezen,get out
plannen,plan
volg,follow
lastig,difficult
tijdje,while
negen,nine
gebied,area
beiden,both
eind,end
operatie,operation
diep,deep
persoonlijk,in person
liegen,to lie
zwanger,pregnant
club,club
respect,respect
steek,sting
waarvoor,which
missie,mission
cool,cool
danny,danny
amerika,America
zon,Sun
kost,costs
paard,horse
waarop,upon which
maat,measure
brief,letter
raak,striking
rijk,rich
rij,queue
risico,risk
meestal,mostly
witte,white
getuige,witness
kwalijk,ill
rechercheur,detective
schoenen,shoes
bar,bar
hoeven,hooves
midden,middle
hopelijk,hopefully
lijn,line
eer,honor
gezet,put
zuster,sister
bal,ball
a,a
sprak,spoke
aanval,attack
aandacht,attention
kiezen,select
komaan,come on
rode,red
meiden,girls
amerikaanse,American
adres,address
zee,sea
hoog,high
feestje,party
gekocht,purchased
bevel,command
wedstrijd,contest
sluiten,Close
daarvan,thereof
jimmy,Jimmy
volledig,fully
rot,rot
les,lesson
ziel,soul
interessant,interesting
slag,battle
sluit,closes
zelfmoord,suicide
computer,computer
planeet,planet
bereiken,to achieve
verdachte,suspect
sarah,sarah
gelezen,read
uitleggen,to explain
beloofd,promised
laatst,last
winkel,store
zul,you
wagen,car
angst,fear
muur,wall
leeg,empty
bezoek,visit
stelen,steal
gewonnen,won
positie,position
wisten,knew
sheriff,sheriff
bekijken,see
helft,half
r,r
warm,hot
keus,choice
vanmorgen,this morning
park,park
zulke,these
nick,Nick
heerlijk,delicious
gevallen,cases
zaten,sat
rennen,run
gewond,injured
sergeant,sergeant
volk,people
dieren,animals
kort,short
spreekt,speaks
ah,Ah
allen,all
tony,tony
verdient,earns
onderzoeken,to investigate
haast,rush
dromen,to dream
systeem,system
meester,master
kont,ass
enig,any
ontdekt,discovered
verkocht,sold
tante,aunt
bewegen,to move
geschreven,written
groter,taller
neus,nose
ach,oh
verklaring,statement
broek,pants
verdienen,to earn
speel,play
hangt,depends
vijand,enemy
gelukt,successful
verschillende,various
speciale,special one
verrassing,surprise
vreemde,stranger
sla,lettuce
geschiedenis,history
erachter,out
lul,dick
bezorgd,Worried
hoogte,height
vrede,peace
meegenomen,included
zagen,saw
liegt,lying
bus,bus
belachelijk,ridiculous
betere,better
raam,window
wijn,wine
mes,knife
ontslagen,laid off
geheime,secret
gehouden,held
weggaan,depart
weekend,weekend
eh,eh
excuses,excuses
getuigen,witness
jim,jim
bom,bomb
inspecteur,inspector
gehaald,achieved
spoor,track
held,hero
benen,legs
dachten,thought
waarvan,from what
tas,bag
thee,tea
ray,ray
jane,Jane
overleven,survive
belt,call
meenemen,take
nek,neck
gevecht,fight
bestaan,to exist
ongelooflijk,incredible
slachtoffers,victims
drink,drinking
ring,ring
donker,dark
links,left
dichtbij,close to
bereid,prepared
feit,fact
vriendje,boyfriend
professor,professor
verschil,difference
collega,colleague
spul,stuff
boeken,books
slaat,hit
will,will
alweer,again
rekening,bill
gooi,throw
beslissing,decision
verlies,loss
been,leg
verjaardag,birthday
lift,elevator
tommy,tommy
bob,bob
koningin,queen
teveel,too much
levend,living
waarmee,by which
raakt,hit
draagt,wear
verandert,changes
trein,train
da,da
monster,sample
raakte,hit
sporen,tracks
opa,grandfather
zingen,to sing
voeten,feet
lot,lot
richting,direction
knap,good looking
duren,last
speciaal,special
gebruikte,used
gestopt,stopped
hoge,High
gesloten,Closed
boord,board
bedoelde,meant
gepakt,caught
you,you
draai,twist
vannacht,tonight
ijs,ice
enorme,enormous
reed,drove
beurt,turn
koop,buy
appartement,apartment
cel,cell
d,d
begraven,to bury
indruk,impression
vlees,meat
strijd,fight
ochtend,morning
keuken,kitchen
energie,energy
vernietigen,destroy
geregeld,regularly
plaatsen,place
gevoelens,feelings
last,load
la,la
bedanken,to thank
ophouden,stop
hangen,to hang
kennis,knowledge
bill,Bill
patiënt,patient
zware,heavy
basis,base
kat,cat
glas,glass
sloeg,hit
dankzij,thanks to
dader,perpetrator
gasten,visitors
zwart,black
betaal,pay
adem,breath
richard,richard
boodschap,message
grap,joke
bos,forest
geholpen,assisted
godsnaam,God sake
prachtige,gorgeous
neergeschoten,shot
werkelijk,really
gestorven,died
huilen,to cry
commandant,commander
billy,Billy
soldaten,soldiers
jake,jake
jurk,dress
gevangen,caught
veiligheid,safety
hoek,corner
hiermee,with this
afstand,distance
kilometer,kilometer
regering,government
stoel,chair
onschuldig,innocent
kogel,ball
londen,London
vlak,flat
stuurde,sent
fijne,fine
waarin,in which
voet,foot
haalt,gets
ontsnappen,escape
gooien,throw
rechts,right
ineens,suddenly
ouwe,old
test,test
toestemming,permission
wraak,revenge
breken,break
rol,role
opschieten,Hurry up
kalm,calm
goud,gold
verantwoordelijk,responsible
enorm,enormous
bespreken,discuss
noemt,mentions
verdorie,shucks
ervaring,experience
soldaat,soldier
gepraat,talk
steve,steve
mark,Mark
totaal,total
and,and
gratis,free
overleden,passed away
moorden,murder
eiland,Island
beeld,statue
passen,to fit
leeftijd,age
noemde,named
tekenen,to draw
doorgaan,Get on
boom,tree
uitzoeken,investigate
dak,roof
besloten,private
lunch,lunch
ryan,ryan
vele,many
schoon,clean
controleren,to check
gearresteerd,arrested
schoot,lap
eraf,off
achteruit,backwards
johnny,Johnny
belangrijke,important
lees,read
perfecte,perfect
dorp,village
eikel,jerk
bobby,Bobby
dossier,dossier
past,suits
code,code
vieren,to celebrate
geluid,sound
homo,homo
verschrikkelijk,terrible
stelt,states
slaapt,sleeps
bier,beer
dna,dna
hoelang,how long
eenmaal,once
simpel,easy
zocht,sought
blauwe,blue
stukje,piece
vermist,missing
zorgt,makes
gat,hole
ouder,parent
kate,kate
schrijf,write
schreef,wrote
wens,wish
geslagen,beaten
parijs,Paris
toevallig,accidentally
leiding,conduit
edelachtbare,Honor
bouwen,to build
geweten,conscience
heilige,saint
restaurant,restaurant
sterft,dies
toegang,access
verbergen,hide
draait,runs
leidt,leads
armen,arms
luke,luke
taak,task
ware,true
lab,lab
misdaad,crime
nadenken,reflect
vakantie,holidays
behoorlijk,fairly
sleutels,Keys
video,video
levens,lives
geniet,enjoy
draaien,to turn
vertrek,departure
betreft,regarding
eric,eric
slot,key lock
ms,ms
verpest,ruined
proces,process
opdracht,order
programma,program
klote,sucks
leider,leader
actie,action
waardoor,Causing
antwoorden,answers
gezeten,seated
bruiloft,wedding
vorm,form
woon,residential
directeur,director
cliënt,client
goedenavond,good evening
advies,advice
hoewel,although
eddie,eddie
chris,chris
uren,hours
welterusten,good night
tijden,times
volwassen,grown up
vuile,dirty
majoor,major
radio,radio
aangenaam,pleasant
drankje,drink
maan,Moon
kregen,got
gemakkelijk,easy
vergeef,forgive
klas,class
krant,newspaper
langzaam,slowly
kosten,cost
martin,Martin
procent,per cent
mist,fog
pad,path
verdwijnen,to disappear
gelogen,lied
beweging,motion
twijfel,doubt
neef,cousin
gemeen,common
fles,bottle
dol,crazy
draag,wear
vis,fish
waarover,about what
rood,red
hersenen,brain
der,der
verloor,lost
taxi,cab
voorkomen,appearance
medicijnen,medicines
okay,Okay
binnenkort,soon
doos,box
terecht,justly
mening,opinion
geweer,gun
bezit,property
top,top
wonder,miracle
vergeven,to forgive
stopt,stops
hopen,to hope
thomas,thomas
ophalen,to pick up
wind,wind
oplossen,to resolve
jaloers,jealous
kevin,kevin
rachel,rachel
onmiddellijk,immediately
gedrag,behaviour
charles,charles
stemmen,to vote
ontbijt,breakfast
lol,LOL
walter,walter
honden,dogs
ontvangen,received
verhalen,stories
rivier,river
twaalf,twelve
voedsel,food
gauw,soon
volgt,follows
vaker,more often
adam,Adam
keren,turn
klanten,customers
chef,chef
wint,wins
brian,brian
minuut,minute
anna,anna
detective,detective
verraden,betray
don,don
geweld,violence
akkoord,agreement
tonen,show
genoemd,mentioned
gewone,ordinary
papieren,paper
verband,bandage
hoopte,hoped
rare,weird
brug,bridge
jas,jacket
bloemen,flowers
daniel,daniel
trap,stairway
mijnheer,Sir
aanvallen,to attack
leer,leather
street,street
opnemen,record
robert,robert
schade,damage
blijkt,turns out
bijzonder,particular
huid,skin
krachten,forces
zakken,lower
openen,to open
arts,doctor
hoer,whore
gestoord,disturbed
scott,scott
gegeten,ate
echtgenoot,husband
bedoeling,intention
durf,dare
trouw,faithfully
bedenken,think
ergste,worst
bedacht,conceived
tegenhouden,stop
vermoordde,killed
nachts,night
vertrokken,departed
knul,guy
engels,English
start,Start
favoriete,favourite
persoonlijke,personal
bepaalde,particular
sommigen,some
yeah,yeah
momentje,just hold on
medische,medical
sexy,sexy
burgemeester,mayor
lee,lee
officier,officer
kussen,To kiss
date,date
ster,star
gezocht,wanted
captain,captain
wezen,being
roep,call
details,details
zomer,summer
dikke,thick
ruikt,smells
eigenaar,owner
motor,engine
universiteit,university
hielp,helped
kus,kiss
luistert,listening
gegevens,data
claire,claire
beveiliging,security
nagedacht,thought
lisa,lisa
gekozen,chosen
betaalt,pay
betekenen,mean
verborgen,hidden
publiek,audience
carrière,career
tanden,teeth
amy,amy
rapport,report
super,super
vrije,free
geheimen,secrets
opeens,suddenly
beest,beast
afgesproken,agreed
halve,half
rijdt,rides
belangrijkste,main
kamp,camp
leef,live
washington,Washington
steun,support
afdeling,department
honderd,hundred
vorig,last
rook,smoke
boel,lot
vecht,fight
strand,beach
jason,jason
magie,magic
oplossing,solution
type,type
rusten,rest
droeg,wore
wellicht,perhaps
beelden,images
genaamd,named
terugkomen,coming back
voeren,feed
waardeer,appreciate
nauwelijks,barely
bad,bath
bieden,offer
geïnteresseerd,interested
verlaat,leaves
duivel,devil
overkomen,befall
speelde,played
pond,lb
ballen,balls
duizenden,thousands
gedoe,hassle
city,City
nerveus,nervous
locatie,Location
blik,look
doelwit,target
gekke,crazy
meegemaakt,experienced
twintig,twenty
emily,emily
klant,customer
kerels,guys
loog,lye
post,post
aangevallen,attacked
oren,ears
emma,emma
springen,to jump
gevolgd,followed
releases,releases
lach,laugh
ontmoette,met
zwak,weak
engeland,England
ziekte,disease
sterren,stars
kyle,kyle
trekt,attracts
toilet,toilet
steen,stone
logisch,logical
landen,Nations
geloofde,believed
fouten,faults
verwachten,expect
leo,leo
dankbaar,grateful
veroorzaakt,causes
duizend,thousand
wow,wow
aangedaan,affected
andy,andy
jury,jury
verslaan,defeat
vangen,to catch
christus,Christ
maria,Mary
testen,to test
grens,border
paniek,panic
nogmaals,once again
telefoontje,call
steken,stabbing
jesse,jesse
pete,pete
ontsnapt,Escaped
herinnert,recalls
paarden,horses
vaders,fathers
theorie,theory
kleur,color
prins,Prince
vissen,fishing
bron,source
lid,member
drank,drink
vergadering,meeting
gebleven,remained
meerdere,multiple
ondanks,despite
machine,machine
moeders,mothers
signaal,signal
geslapen,slept
lijden,suffering
stappen,to step
carter,crankcase
eeuwig,everlasting
vreselijke,fearful
km,km
matt,matt
doodde,killed
dik,fat
verkoop,sale
rechtbank,court
harde,tough
genezen,to cure
begrafenis,funeral
veld,field
straf,punishment
uitgenodigd,invited
laag,low
grace,Grace
kies,choose
wiens,whose
william,william
schattig,cute
dr.,dr.
schot,shot
vijanden,enemies
neuken,fuck
broers,brothers
jagen,to hunt
tevreden,satisfied
gaven,gifts
taart,cake
domme,stupid
flat,flat
manieren,manners
afmaken,finish up
vriendelijk,friendly
san,san
sterker,stronger
vluchten,flee
pers,press
project,project
st,st
vertrekt,leaves
belang,interest
frankrijk,France
lukken,work out
geschoten,shot
prinses,princess
zwaard,sword
aandoen,to put on
arthur,arthur
annie,annie
makkelijker,easier
gedragen,behave
bende,gang
ernstig,serious
gezond,healthy
jouwe,yours
vingers,fingers
las,weld
arresteren,to arrest
tuin,garden
ideeën,ideas
korte,short
gelaten,left
sean,sean
duitse,German
vrijdag,Friday
opstaan,rise
kunst,art
sterke,strong
afscheid,goodbye
menselijke,human
minister,minister
clark,clark
coach,coach
verboden,forbidden
kelder,cellar
gezelschap,party
bijvoorbeeld,for instance
achtergelaten,abandoned
duur,expensive
compleet,complete
to,to
eng,spooky
toeval,coincidence
snapt,understands
hiervan,hereof
miljoenen,millions
simon,simon
jerry,Jerry
war,confused
melk,milk
kelly,kelly
lui,lazy
genieten,to enjoy
aannemen,take
uitstekend,excellent
tegenover,opposite
dichterbij,closer
chicago,chicago
kocht,bought
stuurt,sends
volle,full
schijnt,seems
lenen,to borrow
moed,courage
alice,alice
vergissing,mistake
patiënten,patients
toon,tone
normale,normal
broeder,brother
kaarten,Cards
films,movies
reizen,to travel
ruim,spacious
herinneringen,memories
gedachte,thought
saai,boring
joey,Joey
roken,smoking
truck,truck
gaaf,whole
tegenwoordig,nowadays
kwestie,matter
zette,put
opzij,aside
gaande,going on
omgeving,surroundings
kip,chicken
verstopt,constipated
leerde,learned
vanochtend,this morning
kast,closet
officieel,officially
aanbod,offer
sms,text message
vernietigd,destroyed
verliest,loses
menselijk,human
contract,contract
lady,lady
mooiste,most beautiful
flink,lot
majesteit,majesty
cia,C.I.A
carl,carl
sukkel,softy
stopte,stopped
haalde,took
verdiend,earned
genoegen,pleasure
senator,senator
buren,neighbors
alan,alan
internet,internet
vloer,floor
zwemmen,swimming
taylor,taylor
bedoeld,intended
opgesloten,locked up
ontslag,dismissal
bekijk,view
borst,chest
schreeuwen,shout
bevalt,like
hoger,higher
blanke,White person
redenen,reasons
harder,mullet
ed,ed
ontvoerd,kidnapped
vasthouden,to hold
dave,dave
lucy,lucy
behandelen,to treat
berg,mountain
noorden,north
opgeven,give up
bepaald,determined
spelletje,game
maatje,Buddy
daardoor,thereby
omstandigheden,circumstances
opgelost,solved
heus,really
koken,Cook
vingerafdrukken,fingerprints
trut,bitch
eenvoudig,simple
hiervoor,for this
stukken,pieces
tent,tent
pauze,pause
raden,to guess
roepen,call
leugenaar,liar
bek,beak
vervangen,to replace
alarm,alarm
interesse,interest
talent,talent
bereikt,reached
amerikanen,americans
kanker,cancer
ted,ted
aangezien,because
beslissen,decide
des,des
rose,rose
cadeau,gift
mexico,Mexico
kerst,Christmas
louis,louis
invloed,influence
geheugen,memory
station,station
doorheen,through
vogel,bird
verantwoordelijkheid,responsibility
rome,Rome
diner,dinner
besluit,decision
vlug,quickly
deuren,doors
woonde,lived
west,west
huh,huh
verstand,wit
moeilijke,difficult
juffrouw,miss
bescherming,protection
quality,quality
stilte,Silence
bak,bin
papier,paper
erom,around
volledige,full
zojuist,just now
kilo,kilo
chuck,chuck
vormen,to shape
vaarwel,farewell
storm,storm
hoed,hat
leugen,lie
ambulance,ambulance
opgenomen,included
beslist,decided
pizza,Pizza
verdween,disappeared
ontdekken,to discover
eenheid,unit
verzoek,request
overtuigen,convince
militaire,military
kogels,bullets
toegeven,to admit
smith,smith
gedronken,drunk
high,high
quantity,quantity
gekeken,looked
phil,phil
cent,cent
punten,points
reet,crack
garage,garage
vrees,fear
big,piglet
kluis,safe
slaapkamer,bedroom
vandoor,away
wit,white
bezoeken,attend
politiek,politics
mogelijkheid,possibility
vertrok,departed
jackson,jackson
verdomd,damned
vervelend,annoying
vs,USA
rekenen,to calculate
klap,blow
aanbieden,to offer
abby,abby
streek,region
zaterdag,Saturday
uwe,yours
zicht,view
jones,jones
elf,eleven
gewend,accustomed
reactie,reaction
jazeker,hell yes
blauw,blue
herken,recognize
verbonden,connected
reken,accounting
schoonheid,beauty
ho,ho
hank,hank
klus,job
verandering,change
vermoordt,killing
accepteren,accept
biertje,beer
roger,roger
helen,heal
gebouwd,built
aankomen,arrive
trok,drew
larry,larry
verhuizen,moving away
waarde,value
troep,gang
kust,coast
graf,grave
dans,dance
verdediging,defense
bleek,pale
taal,language
grotere,more
dier,animal
aanklacht,indictment
overheid,government
wed,wed
lossen,unload
huizen,houses
uiteraard,naturally
gerust,safe
manager,manager
verdedigen,to defend
valse,false
lieten,showed
westen,West
amper,barely
bekeken,Viewed
job,Job
maakten,made
niveau,level
binnenkomen,enter
poging,attempt
behandeld,treated
overtuigd,convinced
gewacht,waited
stroom,flow
wetenschap,science
momenteel,currently
wauw,Wow
liedje,tune
vals,false
vincent,vincent
onderzocht,examined
duurde,took
lily,Lily
josh,josh
keel,throat
schepen,ships
gouden,golden
blind,blind
achterlaten,leave behind
gevangene,prisoner
robin,robin
voordeel,benefit
gevangenen,prisoners
eieren,Eggs
verbrand,burnt
geduld,patience
eeuw,century
europa,Europe
gescheiden,divorced
snelheid,speed
aardige,nice
gary,gary
rotzooi,shit
heette,was called
brak,brackish
lichamen,bodies
bidden,pray
natuur,nature
maggie,maggie
wijs,wise
buik,belly
vinger,finger
king,king
gespeeld,played
feiten,facts
virus,virus
ha,ha
jeff,jeff
plus,plus
groene,green
bomen,trees
personeel,staff
patrick,patrick
karen,karen
pakt,arrested
plekken,sites
commissaris,Commissioner
sara,sara
zuiden,south
rechten,right
veranderde,changed
stof,dust
badkamer,bathroom
leugens,lies
zondag,Sunday
erheen,there
smaak,taste
aanwezig,present
leraar,teacher
maandag,Monday
verliet,left
leefde,lived
it,it
pakte,took
franse,french
bergen,mountains
duitsers,Germans
woede,fury
studeren,to study
sliep,slept
kleding,clothing
stonden,stood
troepen,troops
eindigen,end
feite,actually
hemelsnaam,heaven's sake
groeien,to grow
dean,dean
piloot,pilot
geesten,spirits
controleer,check
verslag,report
ex,ex
julia,julia
heks,witch
daarbij,thereby
waarschuwen,warn
julie,julie
victor,Victor
jenny,Jenny
melden,report
elizabeth,elizabeth
oceaan,ocean
gas,gas
goden,gods
mogelijke,potential
voorlopig,for the time being
verslagen,defeated
gepland,planned
verdacht,suspect
opgepakt,arrested
susan,susan
privé,privately
voren,forward
stan,stan
knappe,clever
koffer,Suitcase
zonde,sin
naakt,nude
neen,no
plegen,commit
excuus,excuse
verrast,surprised
dienen,serve
graden,degrees
ongelofelijk,unbelievable
haten,hate
ervandoor,off
opgewonden,agitated
sterf,death
dubbele,double
tim,tim
boerderij,farm
rijke,rich
morgan,morgan
bord,plate
honderden,hundreds
klootzakken,motherfuckers
herstellen,to recover
schrijft,writes
wc,WC
ernaar,it
lord,Lord
besloot,decided
behandeling,therapy
morgenochtend,tomorrow morning
doc,doc
orders,orders
tong,tongue
hitler,hitler
vanmiddag,afternoon
redt,saves
ruil,exchange
nathan,nathan
verklaren,to declare
lieg,lie
kim,Kim
sync,sync
leert,learn
tegelijk,together
marine,navy
champagne,Champagne
liefste,Dear
genade,grace
chauffeur,driver
wensen,to wish
verdien,earn
qoq,qoq
godverdomme,Goddamnit
eenzaam,lonely
wegens,due to
voorstel,proposal
gouverneur,governor
graven,dig
terrein,grounds
ontmoeting,meeting
telt,counts
handel,trade
zwijgen,keep silent
ademen,to breathe
koos,chose
um,um
horloge,watch
staten,states
ronde,round
daarover,about that
verloofde,fiancee
pot,pot
donkere,dark
afspraakje,date
pensioen,retirement
vrolijk,cheerful
poort,gate
hoefde,did
gunst,favor
artikel,article
overval,raid
belangrijker,more important
netjes,decently
knieën,knees
slimme,clever
aanraken,to touch
reputatie,reputation
ontdekte,discovered
ruik,smell
brood,bread
russische,russian
vogels,birds
partij,party
verstoppen,to hide
komst,coming
verdieping,floor
dief,thief
voorbeeld,example
geur,odor
dichter,poet
vliegveld,airport
markt,market
burgers,citizens
centrum,Centre
volgde,follow the
ontzettend,enormous
beer,bear
alibi,alibi
terugkomt,returns
brieven,letters
minstens,at least
whisky,whiskey
onschuldige,innocent
stenen,stone
universum,universe
gezondheid,health
daarheen,thither
wijze,way
britse,british
b,b
komende,upcoming
kerstmis,Christmas
haven,port
huur,rent
plicht,duty
assistent,assistant
omgaan,To hang out
ross,ross
fan,fan
materiaal,material
laura,laura
hartelijk,warmly
doug,doug
charlotte,Charlotte
online,online
onszelf,ourselves
stelde,suggested
shirt,shirt
sally,Sally
bevelen,command
vergat,forgot
priester,priest
meent,believes
zelfde,same
dossiers,files
proost,cheers
kloppen,to knock
gekend,known
vierde,fourth
kaas,cheese
opzoeken,to look up
schrikken,shy
amanda,amanda
gepleegd,committed
daarin,in there
optreden,performance
april,April
veilige,secure
marcus,marcus
beroep,profession
black,black
motief,motive
molly,molly
betaalde,paid
lucas,lucas
verderop,beyond
jacht,hunt
scheiden,to separate
jeugd,youth
lokale,local
engel,angel
kerstman,Santa Claus
doei,bye
toestand,status
technologie,technology
gebaseerd,based
lichten,lights
mars,Mars
bovendien,moreover
cijfers,Numbers
bewaren,save
belofte,promise
vertaald,translated
teleurgesteld,disappointed
vriendschap,friendship
medelijden,pity
fred,fred
chloe,chloe
ramp,disaster
vegas,vegas
ren,acids
verzet,opposition
richten,to target
steunen,support
wolf,Wolf
advocaten,Advocates
dwars,transverse
oefenen,to practise
bezwaar,objection
bevestigen,confirm
wijzen,point
china,China
nachtmerrie,nightmare
jackie,jackie
groen,green
minst,least
eindigt,ends
verkoopt,sells
zwembad,swimming pool
verdriet,grief
winter,winter
afgesloten,locked
geheel,whole
min,minus
verwijderd,deleted
donder,Thunder
mobiel,mobile
monsters,samples
okee,okay
interesseert,interests
leden,membership
gooide,threw
muren,walls
koers,course
nat,wet
bekende,known
waarheen,where to
hierin,in here
uniform,uniform
voorbereid,prepared
wild,wild
regen,rain
drinkt,drinking
studenten,students
bepalen,determine
briefje,bill
fuck,fuck
berichten,messages
gok,gambling
voldoende,Enough
samenwerken,collaborate
lekkere,delicious
ruiken,to smell
klok,clock
duitsland,Germany
gemeenschap,community
redelijk,reasonable
wezens,creatures
echter,however
getekend,signed
overwinning,victory
rebecca,rebecca
klonk,sounded
onderwerp,topic
verklaart,states
olie,oil
bewust,conscious
bemanning,crew
tellen,count
degenen,the ones
overkomt,befalls
vertrouwt,trusts
hang,hanging
tyler,tyler
schoten,shots
seconde,second
geldt,apply
delict,offense
gibbs,gibbs
groeten,regards
maag,stomach
beantwoorden,reply
allerlei,all kinds of
wandelen,to walk
howard,howard
waarschuwing,warning
gewaarschuwd,warned
begreep,understood
johnson,johnson
kist,chest
barry,barry
middelbare,secondary
jay,jay
michelle,michelle
training,training
texas,Texas
pik,cock
race,race
geliefde,lover
nationale,national
gedeelte,section
wassen,Wash
verwachtte,expected
scheelt,saves
ophangen,hang up
douche,shower
greg,greg
reageren,react
zwijg,be silent
alcohol,alcohol
stoor,jamming
verdiende,earned
gave,gift
sprong,leap
bewakers,guards
aangenomen,adopted
model,fashion model
data,dates
oor,ear
hi,Hi
jeetje,Oh dear
spelletjes,games
noch,neither
wedden,bet
meedoen,participate
winst,profit
gereed,ready
middag,afternoon
lijf,body
oliver,oliver
donna,donna
onthouden,to remember
daarop,thereon
identiteit,identity
crimineel,criminal
openbaar,public
verpesten,screw it up
moordenaars,killers
bewaker,guard
andrew,andrew
beloofde,promised
gods,god
zowel,both
media,media
angela,angela
letten,watching
breekt,breaks
sprake,there
kansen,opportunities
explosie,explosion
indrukwekkend,impressive
plotseling,suddenly
schutter,shooter
hekel,dislike
fort,fort
ingewikkeld,complicated
lied,song
vriendinnen,girlfriends
besef,awareness
spiegel,mirror
gevochten,fought
lege,empty
onlangs,recently
stand,position
woestijn,desert
gedwongen,forced
russen,Russians
jamie,jamie
idioten,idiots
gezellig,cozy
lunchen,having lunch
hielden,kept
cooper,cooper
seizoen,season
resultaten,Results
pagina,page
frans,French
vlieg,fly
bril,glasses
spannend,exciting
doodt,killing
mensheid,mankind
botten,bones
busje,van
herinnering,reminder
olivia,olivia
kaartje,card
pop,doll
verschuldigd,due
gesteld,stated
hee,hee
tweeën,two of
zielig,pathetic
my,my
terry,terry
parker,parker
hal,hall
letterlijk,literally
banden,ties
route,route
vliegt,fly
walgelijk,disgusting
gegooid,thrown
smerig,filthy
verwijderen,remove
uitzien,look
beweegt,moves
hierover,about
mannetje,male
genie,genius
burger,civilian
bedreiging,threat
lef,courage
wilson,wilson
vlakbij,nearby
gevolgen,effects
gedag,goodbye
ontslaan,fire
nummers,numbers
verzamelen,collect
jongeman,youth
huiswerk,Homework
house,house
koude,cold
verontschuldigen,excuse
gevaarlijke,dangerous
lelijk,ugly
verbaasd,suprised
vuil,dirt
ondertussen,meanwhile
gelukkige,happy
leest,is reading
at,at
cole,cole
verplaatsen,move
starten,start
gerechtigheid,righteousness
onderdeel,part
wijst,points
rick,rick
ls,ls
afrika,Africa
scheiding,separation
lewis,lewis
linda,linda
nate,nate
welnee,Nay
partners,partners
hoogste,highest
snijden,to cut
soorten,types
touw,rope
zijde,silk
ellende,misery
harvey,harvey
nep,fake
joden,Jews
klagen,complain
zacht,soft
aap,monkey
won,won
dringend,urgently
teruggaan,going back
eisen,requirements
veroordeeld,convicted
neerschieten,shoot down
vloek,curse
stijl,style
smeek,implore
rand,edge
verrader,traitor
tel,count
romantisch,romantic
zorgde,took care
gordon,gordon
stelletje,bunch
hersens,brain
verdwijnt,disappears
middelen,resources
roept,calling
bruce,bruce
leveren,to deliver
dekking,cover
onthoud,keep in mind
hof,court
toby,Toby
politieke,political
cheque,check
schaduw,shadow
kasteel,castle
lagen,strata
dertig,thirty
branden,to burn
leidde,lead
resultaat,result
catherine,catherine
aangekomen,arrived
constant,constant
hannah,hannah
waarbij,at which
wanhopig,in despair
verkracht,raped
jessica,jessica
winnaar,winner
waardeloos,worthless
merken,brands
californië,California
brown,brown
doctor,doctor
ongerust,anxious
snelle,fast
slet,slut
fiets,bicycle
vocht,moisture
opruimen,tidy
chief,chief
ethan,ethan
daaraan,thereto
gsm,mobile
gewild,in demand
overeenkomst,agreement
spring,jump
schilderij,painting
middernacht,midnight
brein,brain
richt,focuses
onbekende,unknown
vervolgens,thereafter
iemands,someone
fabriek,factory
geschikt,fit
ontspannen,relax
anne,anne
win,win
broertje,baby brother
gelopen,run
davis,davis
apparaat,device
storen,to disturb
handelen,to trade
dwingen,force
optie,option
slang,snake
amen,Amen
student,student
hoorden,heard
opdagen,turn up
volkomen,completely
makker,pal
katie,katie
duisternis,darkness
briljant,brilliant
schouder,shoulder
miller,miller
godzijdank,thank God
lacht,laughs
dwaas,silly
wachtte,waited
mac,mac
verdrietig,sad
bereik,reach
gozer,geezer
gezorgd,provided
spion,spy
roy,roy
wond,wound
campagne,campaign
boston,Boston
mogelijkheden,opportunities
dinsdag,Tuesday
lever,liver
avonds,evening
weggegaan,gone away
verbinding,link
dek,deck
meegaan,come
nieuwsgierig,curious
helder,bright
omlaag,down
borsten,breasts
oosten,East
namelijk,namely
schande,shame
ondertiteling,subtitle
overeen,match
kanten,lace
warme,hot
gewicht,weight
bedrijven,businesses
derek,the stretch
stront,shit
vet,Fat
geschenk,gift
negeren,ignore
goeds,good
justitie,justice
sneeuw,snow
aanklager,prosecutor
zand,sand
sport,sport
besefte,realized
versie,version
minste,least
hartaanval,heart attack
bo,boo
c,c
as,ash
illegaal,illegally
vertrouwde,trusted
voort,on
varken,pig
prettig,nice
jacob,jacob
moge,may
donderdag,Thursday
straten,streets
hout,wood
bovenop,on top of
etentje,dinner
sindsdien,since
vaste,fixed
moeilijker,more difficult
merk,Brand
verdachten,suspects
durft,dare
opgegeven,gave up
weggaat,leave
truc,trick
frankie,frankie
el,el
wegen,weigh
planten,plants
pen,pen
beth,beth
aanwezigheid,presence
stemming,mood
bravo,Bravo
overleefd,survived
gedurende,during
magische,magic
levende,living
therapie,therapy
geplaatst,situated
grijp,grab
gericht,directed
voorafging,preceded
duwen,Push
tip,tip
sociale,social
euh,uh
opeten,eat
daarbinnen,inside
beloning,reward
dapper,brave
concentreren,to concentrate
heleboel,lot
beschikbaar,available
seksuele,sexual
bezorgen,to deliver
koopt,buy
hek,fence
lois,lois
bied,bid
huidige,current
on,on
achterna,chase
verenigde,united
golf,golf
café,Cafe
suiker,sugar
lippen,lips
zuurstof,oxygen
gevoelig,sensitive
herhaal,repeat
hmm,hmm
gras,grass
gekwetst,hurt
smerige,filthy
filmen,to film
daisy,daisy
tunnel,tunnel
rock,rock
verstandig,wisely
organisatie,organization
voorgoed,permanently
families,families
betwijfel,doubt
meekomen,come along
geruchten,rumors
angeles,angeles
redde,saved
doorbrengen,Spending time
puur,pure
stak,lit
diamanten,diamond
lading,load
miami,miami
bevestigd,confirmed
stinkt,smelly
inclusief,including
oudere,elderly
verraad,treason
interview,interview
middel,means
geboorte,birth
nicht,niece
momenten,moments
podium,stage
effect,effect
vijftien,fifteen
houding,attitude
veroorzaken,cause
verpleegster,nurse
lig,lie
bibliotheek,library
schrijver,writer
beloven,promise
identificeren,identify
hut,cabin
goedenacht,good night
volgend,next
gecontroleerd,verified
beroemd,famous
masker,mask
scherp,sharply
sophie,sophie
trainen,train
kamers,Rooms
quinn,quinn
kampioen,champion
graaf,earl
oscar,oscar
oproep,call
carrie,carrie
achterin,in the back
beters,better
veroorloven,to afford
helikopter,helicopter
zekere,some
gelegd,laid
miljard,billion
vies,dirty
geintje,wisecrack
uitgaan,going out
weleens,sometimes
bruid,bride
voer,forage
praatte,talked
marshall,marshall
aanwijzingen,Clues
nina,nina
rusland,Russia
eva,eva
benzine,gasoline
wegging,leaving
keizer,emperor
vrouwelijke,female
marie,marie
vince,vince
voeden,to feed
studio,studio
gif,poison
edward,edward
uitnodiging,invitation
elena,elena
grant,grant
probeerden,tried
datje,that you
ketting,chain
schitterend,splendid
velen,many
zekerheid,security
kliniek,clinic
dylan,dylan
museum,museum
handtekening,signature
bevrijden,liberate
ramen,Windows
russell,russell
rechtszaak,lawsuit
dokters,doctors
rijd,ride
kopie,copy
rende,rushed
vampier,vampire
personen,people
tieten,tits
expert,expert
jess,Jess
feesten,celebrate
white,white
zegen,blessing
travis,travis
rommel,mess
mijl,mile
daarbuiten,outside
opleiding,education
bedenk,remember
jordan,jordan
carlos,carlos
live,live
beschermd,protected
roze,pink
legt,explains
walker,walker
flauw,lame
gewoonlijk,usually
telefoontjes,phone calls
pech,bad luck
grootvader,grandfather
junior,junior
voorzitter,chairman
miste,missed
owen,owen
bodem,bottom
gevoeld,felt
repareren,repair
bewusteloos,unconscious
bommen,bombs
zusje,sister
opname,recording
pols,wrist
herkennen,recognize
hartslag,heartbeat
hete,hot
behoefte,need
oorzaak,cause
kiest,choose
hill,hill
brave,brave
centrale,exchange
dochters,daughters
bewezen,proven
danken,thank
gestoken,stabbed
rat,rat
koekjes,cookies
weglopen,walk away
leuker,fun
medisch,medical
kopje,Cup
gelegenheid,opportunity
zijne,his
grenzen,border
betrapt,got caught
achteren,rear
bijeenkomst,meeting
uitdaging,challenge
onderhandelen,negotiate
overvallen,raid
wayne,wayne
triest,sad
slagen,to succeed
kruis,cross
technisch,technical
gooit,throws
fantastische,great
beschermt,protects
beantwoord,answered
positief,positive
vieze,dirty
bewijst,proves
brigadier,brigadier
ogenblik,moment
kalmeer,calm down
hoogheid,highness
droog,dry
admiraal,admiral
schaam,shame
excuseren,excuse
vroegen,asked
kleed,carpet
leid,lead
blake,blake
maaltijd,meal
gereden,driven
interessante,interesting
chinese,Chinese
vuren,fire
gezichten,faces
ooh,ooh
fantasie,fantasy
aanpakken,tackle
namens,On behalf of
jeremy,Jeremy
afhandelen,settle
stress,stress
waarschuw,warning
bijbel,Bible
studie,study
kenny,kenny
ofwel,or
kaartjes,tickets
schema,scheme
gelul,bullshit
vers,fresh
biedt,offers
aangeraakt,touched
besteld,ordered
overnemen,to take over
waarderen,appreciate
tranen,weeping
ontspan,relax
geopend,opened
documenten,documents
mammie,mommy
groots,grand
eventjes,momentarily
boeten,pay
staart,tail
prettige,pleasant
ondervragen,question
schedel,skull
tijdelijk,temporarily
overleed,died
klinken,sound
demon,demon
morgenavond,tomorrow evening
vergist,mistaken
aanslag,touch
florida,Florida
proef,test
steven,prow
ontstaan,originate
kennelijk,apparent
beslissingen,decisions
sammy,sammy
vóór,in front of
smaakt,tastes
soep,soup
nul,zero
green,green
oordeel,judgment
bloeddruk,blood pressure
wegkomt,get away
hoofdpijn,headache
vijfde,fifth
brad,brad
penny,penny
hieruit,therefrom
terroristen,terrorists
rekeningen,accounts
pijnlijk,painful
fase,phase
blazen,blow
teef,female dog
jo,jo
bot,bone
ei,egg
mr.,mr.
beroemde,famous
chaos,chaos
verbaast,surprised
gedumpt,dumped
tekst,text
scène,scene
uitzicht,view
vooruitgang,progress
maagd,Virgin
mevr,Mrs
bijzondere,special
sex,sex
e-mail,e-mail
lafaard,coward
mei,May
dodelijk,deadly
ian,ian
carol,Carol
geleid,guided
bestellen,to order
plassen,to pee
opgegroeid,grown up
teddy,teddy
ontvoering,kidnapping
boze,angry
affaire,affair
kreng,carrion
verzinnen,invent
sigaret,cigarette
vat,barrel
diane,diane
dennis,dennis
verspreiden,to spread
vullen,to fill
vermogen,power
realiteit,reality
doodgaan,die
diegene,those
betekend,means
pakje,package
buitenlandse,foreign
telkens,every time
slechter,worse
verander,change
promotie,promotion
margaret,margaret
overstuur,upset
one,one
dominee,pastor
keuzes,choices
bekennen,confess
levert,supplies
williams,williams
verdwaald,strayed
federale,federal
kranten,newspapers
patroon,pattern
relaties,relationships
bedreigd,threatened
matthew,matthew
wetten,laws
herkent,recognizes
boodschappen,groceries
zenuwachtig,nervous
koninkrijk,kingdom
aanwijzing,designation
betty,betty
breek,breaking
chinees,Chinese
uitvoeren,to carry out
haatte,hated
vrachtwagen,truck
tank,tank
vanzelf,itself
francis,francis
schone,clean
beschadigd,damaged
marty,marty
realiseerde,realized
verbranden,to burn
e,e
klasse,class
riep,called out
onbekend,unknown
humor,Humour
theater,theater
koorts,fever
overheen,across
ingang,Entrance
stabiel,stable
riley,riley
openbare,public
dure,expensive
maya,Maya
noodgeval,emergency
reageert,responds
uitweg,exit
jennifer,jennifer
psychiater,psychiatrist
gedraagt,acts
datum,date
correct,right
gedraag,behave
nood,distress
wiet,weed
little,little
woning,house
caroline,caroline
betekende,meant
instructies,instructions
natuurlijke,natural
ali,ali
wonden,wound
afdrukken,print
netwerk,network
info,More
martha,martha
periode,period of time
uitziet,looks
meende,thought
doorlopen,run through
simpele,simple
achtergrond,background
bijzonders,special
broeders,brethren
dubbel,double
afgewezen,turned down
kerstfeest,Christmas
lou,lou
hartstikke,awfully
schuur,barn
veronderstel,suppose
emoties,emotions
achterkant,rear end
schudden,shake
beschuldigd,accused
kwetsen,hurt
negatief,negative
dick,Dick
engelse,English
arrestatie,arrest
communicatie,communication
vloog,flew
nachten,nights
uitmaken,break up
vermiste,missing
hierbij,herewith
hebbes,Got you
allang,a long time already
trappen,kick
langskomen,come
coma,coma
daad,deed
kut,cunt
knop,button
bevriend,friendly
geraken,get
malcolm,malcolm
creëren,to create
beslag,fittings
artsen,doctors
nancy,nancy
japan,Japan
logan,logan
beet,bite
doodsbang,terrified
bewaar,save
casino,casino
afschuwelijk,awful
diefstal,theft
legende,legend
joseph,joseph
grot,cave
proeven,taste
gesprekken,conversations
grijpen,grab
oppakken,picking up
terugtrekken,to withdraw
bart,bart
applaus,applause
zoenen,kiss
toren,tower
eigendom,property
verschrikkelijke,terrible
criminelen,criminals
bood,offered
verplicht,obligated
zieke,patient
beweert,claims
strafblad,criminal record
hollywood,Hollywood
voorbereiden,to prepare
vijftig,fifty
zone,zone
loslaten,letting go
casey,casey
connor,connor
portemonnee,wallet
audrey,audrey
longen,lungs
ingehuurd,hired
meegebracht,brought along
gebrek,lack
ruilen,exchange
mankeert,wrong
zwakke,weak
aantrekkelijk,attractive
verplaatst,moved
albert,albert
no,No.
uitgeschakeld,switched off
vliegtuigen,airplanes
spencer,spencer
tja,yeah
dronk,drink
riskeren,risk
weghalen,take away
passie,passion
kandidaat,candidate
smeerlap,pig
sigaretten,cigarettes
toont,shows
serie,series
status,status
voorzien,to provide
mooier,more beautiful
rit,ride
bescherm,protect
discussie,discussion
medicijn,medicine
booth,booth
rijbewijs,drivers license
miles,miles
televisie,television
meld,reporting
verzonnen,fictional
h,h
aangeboden,offered
ellen,ellen
ministerie,ministry
daden,actions
krankzinnig,insane
populair,popular
whoa,whoa
allison,allison
indianen,native Americans
verzekering,insurance
virginia,Virginia
koelkast,refrigerator
duistere,dark
pest,black Death
lemand,Someone
overgeven,throwing up
arresteer,arrest
nut,utility
stervende,dying
ondergoed,underwear
euro,euro
incident,incident
zing,zing
mijzelf,myself
homer,homer
commentaar,commentary
ervaren,to experience
doorzoeken,search
vak,field
vriendjes,boyfriends
dorst,thirst
koe,cow
tenslotte,and last but not least
vandaar,thence
jonger,younger
flinke,great
check,check
titel,title
privacy,privacy
heelal,universe
verspillen,waste
justin,justin
speelgoed,toys
bonnie,bonnie
dagboek,diary
voorwaarden,requirements
gemerkt,noticed
tape,tape
hol,hollow
bewustzijn,Awareness
evan,evan
aaron,Aaron
vlag,flag
werkten,worked
moderne,modern
rollen,roll
angel,sting
gespannen,strained
terugkeren,return
crisis,crisis
zoektocht,search
emotioneel,emotionally
overkant,other side
premier,Prime Minister
harris,harris
greep,grip
eenheden,units
beseft,recognizes
rechtstreeks,directly
love,love
weigeren,refuse
avontuur,adventure
lust,lust
tevoorschijn,forth
roman,novel
glimlach,smile
groeit,grows
ras,race
amerikaan,american
plat,flat
goedkoop,cheap
strak,tight
spanning,voltage
inbraak,burglary
karakter,character
opzet,design
lessen,classes
college,college
boy,boy
ernstige,serious
geweren,guns
island,island
todd,todd
verlegen,shy
toestaan,to allow
paspoort,passport
county,county
vleugels,wings
madame,madame
juni,June
snoep,candy
apart,separate
italië,Italy
oudste,eldest
liam,liam
uitschakelen,Switch off
voertuig,vehicle
kostte,took
september,September
ron,ron
jochie,laddie
link,link
puinhoop,mess
agenda,agenda
steekt,lights
nazi,Nazi
spraken,spoke
leonard,leonard
chirurg,surgeon
jee,jee
mochten,might
misdaden,crimes
brachten,brought
bekentenis,confession
laptop,Laptop
vergeleken,compared
diepe,deep
stukjes,pieces
robot,robot
nuttig,useful
uitslag,rash
zout,salt
ratten,rats
slimmer,smarter
afval,waste
murphy,murphy
wendy,wendy
gebeurtenissen,events
temperatuur,temperature
bemoei,difficult
ongelukkig,unhappy
bezocht,visited
financiële,financial
tijdstip,time of day
overste,chief
verbergt,hides
drukken,to press
snappen,understanding
knuffel,Hug
diensten,services
erdoor,through
betekenis,meaning
veiliger,safer
aard,nature
opgegeten,eaten
gevolg,result
moedig,courageous
teruggekomen,came back
eli,eli
paige,paige
loon,salary
frisse,fresh
daarboven,up there
herkende,recognized
lelijke,ugly
ruth,Ruth
woensdag,Wednesday
harold,harold
fortuin,fortune
nicole,nicole
vrijgelaten,released
ashley,ashley
journalist,journalist
vielen,fell
wennen,get used to
megan,megan
bleven,remained
ambassadeur,ambassador
acteur,actor
geslaagd,successful
hing,hing
computers,computers
francisco,francisco
schoonmaken,to clean
mickey,mickey
snelweg,highway
plastic,plastic
experiment,experiment
monica,monica
morgenvroeg,tomorrow
undercover,undercover
commando,command
gekleed,clad
star,rigid
gemak,ease
overleeft,survives
boss,boss
eerwaarde,Venerable
motel,motel
long,lung
tweeling,twin
draak,dragon
schakel,link
diana,Diana
stephen,stephen
favoriet,favorite
heten,call
officiële,official
legde,explained
zusters,sisters
kooi,cage
opgehangen,hung up
beheersen,command
demonen,demons
drankjes,drinks
wetenschappers,scientists
concert,concert
vermijden,avoid
irak,Iraq
katten,cats
kwetsbaar,vulnerable
kleuren,colors
raket,rocket ship
mitch,mitch
straffen,to punish
bestuur,administration
verloofd,engaged
zonden,sins
verspreid,Scattered
draaide,turned
heerlijke,delicious
mason,mason
india,india
augustus,August
cadeautje,gift
centimeter,centimeter
contant,in cash
testament,testament
meesten,most
juli,July
waanzin,frenzy
gedroomd,dreamed
handschoenen,gloves
zender,transmitter
wreed,cruel
pappa,daddy
eerlijke,fair
rotzak,scoundrel
jules,jules
mysterie,mystery
symbool,symbol
tess,tess
profiel,profile
opties,options
traditie,tradition
schulden,debts
hup,hup
waag,scales
go,go
massa,mass
gewonden,wounded
ontkennen,to deny
getrokken,drawn
bezet,occupied
opgevoed,raised
lincoln,lincoln
verkeer,traffic
knie,knee
bid,pray
verdwijn,disappearing
accepteer,accept
liz,liz
timing,timing
slechtste,worst
crane,crane
penis,penis
benieuwd,curious
steden,cities
aangeven,to indicate
uitkomen,Hatch
glazen,glass
hitte,heat
set,set
maling,grind
victoria,Victoria
wade,wade
ton,ton
mm,mm
chocolade,chocolate
bedrogen,cheated
brandstof,fuel
verwoest,waste
verf,paint
k,k
hector,Hector
munitie,ammunition
paleis,palace
werkelijkheid,reality
yo,yo
zoe,zoe
gewapend,armed
gekost,cost
nelson,Nelson
toespraak,speech
recept,recipe
helden,heroes
enthousiast,enthusiastic
scherm,screen
goedemiddag,good afternoon
gele,yellow
actief,active
politieagent,cop
kleiner,less
raymond,raymond
joch,kid
lokken,to lure
oefening,practice
harper,harper
road,road
varen,sail
kwart,quarter
commissie,Commission
stiekem,secretly
afsluiten,shut down
inpakken,packing up
bewaard,saved
neil,neil
winkelen,shop
beesten,beasts
vrijen,making out
techniek,Technic
brandt,lights
lane,lane
mobiele,mobile
luisterde,listened
interne,internal
toegestaan,Allowed
hall,hall
beleefd,polite
stanley,stanley
blok,block
zielen,souls
keith,keith
generatie,generation
verlangen,desire
jean,jean
revolutie,revolution
pastoor,pastor
drama,drama
maal,meal
laden,load
moeilijkheden,difficulties
bedrag,amount
aandelen,shares
bevallen,to give birth
willie,willie
schoft,withers
lawaai,noise
eeuwige,everlasting
uzelf,yourself
alicia,alicia
attentie,attention
plant,plant
staren,stare
christian,christian
konijn,rabbit
beroofd,robbed
zussen,sisters
huren,rent
misdrijf,crime
clay,clay
overlijden,passing away
doodgeschoten,shot
toekomstige,future
procedure,procedure
trouwde,married
douchen,shower
stierven,died
tina,tina
jongetje,boy
gokken,gamble
thanksgiving,thanksgiving
beweeg,move
duiken,to dive
shane,shane
kindje,baby
fruit,fruit
bevroren,frozen
erbuiten,out
sloot,ditch
steelt,steal
berlijn,berlin
grappen,jokes
vloot,fleet
uiterlijk,appearance
verhuisd,moved
spanje,Spain
carla,carla
norman,norman
doof,deaf
alexander,Alexander
mitchell,mitchell
terugbrengen,return
schamen,ashamed
machtige,mighty
all,all
tempel,Temple
walt,walt
volwassenen,adults
holly,holly
wetenschapper,scientist
weduwe,widow
kanaal,channel
gemeld,reported
watje,wimp
dient,should
speech,speech
goedendag,good day
versterking,strengthening
voorraad,stock
legaal,legal
bevat,contains
dollars,dollars
korporaal,corporal
overwegen,to consider
vee,cattle
metro,subway
afhankelijk,dependent
weigerde,refused
ricky,ricky
speler,player
gereedschap,tool
mcgee,mcgee
misbruik,abuse
besproken,discussed
aflevering,delivery
chip,chip
barbara,barbara
anthony,anthony
mobieltje,cellular phone
santa,santa
japanse,Japanese
reclame,advertisement
combinatie,combination
behouden,preserve
durven,to dare
gebouwen,buildings
goedmaken,make up
philip,philip
verkrachting,rape
jersey,Jersey
pure,pure
weggelopen,walked away
opgeblazen,blown up
getraind,trained
illegale,illegal
website,website
firma,firm
bloeden,bleed
schop,shovel
wiskunde,math
originele,original
ann,ann
verwondingen,injuries
nest,nest
kostuum,costume
hoofdinspecteur,Superintendent
meg,meg
standaard,standard
zochten,sought
stok,stick
blaas,bladder
gloria,gloria
batman,Batman
weigert,refuses
time,time
afspreken,arrange
hoofdkwartier,headquarters
heroïne,heroin
gus,gus
bossen,woods
julian,julian
verzeker,insurable
rex,rex
zenuwen,nerves
vermoeden,conjecture
noah,noah
jonathan,Jonathan
hoofdstuk,chapter
symptomen,symptoms
samantha,samantha
plekje,place
bemoeien,interfere
kern,core
b.,b.
behandelt,treats
bagage,luggage
gehele,whole
bay,bay
castle,castle
voorgesteld,proposed
jasje,jacket
begrip,understanding
sowieso,anyway
braaf,Well behaved
opsluiten,lock up
gij,thou
misverstand,misunderstanding
damon,damon
laarzen,boots
dutch,dutch
uitgevoerd,executed
borg,deposit
doodsoorzaak,cause of death
football,football
bevrijd,liberated
gewoonte,habit
nederlandse,Dutch
cirkel,circle
moordwapen,murder weapon
telefoons,Phones
boeren,farmers
gerucht,rumor
bijten,to bite
stone,stone
explosieven,explosives
motoren,engines
miranda,miranda
opzetten,Setting up
trekker,tractor
vermoed,suspect
von,von
internationale,International
lesje,lesson
blue,blue
wegkomen,getting away
flikker,fagot
collins,collins
craig,craig
lager,lower
schoppen,kick
fans,fans
opereren,to operate
borrel,a drink
noemden,named
vanessa,vanessa
seth,seth
kok,cook
dozen,Boxes
hoeren,harlots
broodje,sandwich
zingt,sings
dieper,lower
halloween,halloween
diego,diego
toestel,appliance
happy,happy
belangrijks,important
hogere,higher
stevig,firm
hoeveelheid,quantity
waaraan,to which
hufter,hufter
ontworpen,designed
dankjewel,thank you
mamma,mum
rots,rock
boer,farmer
buurman,neighbour
bouw,construction
versieren,decorate
trevor,trevor
ontploffen,explode
ochtends,morning
make-up,makeup
dumpen,to dump
gisterenavond,yesterday evening
gevuld,stuffed
klacht,complaint
bestond,existed
dodelijke,deadly
strategie,strategy
volhouden,persevere
begaan,to commit
das,tie
informant,informer
verwerken,process
trouwt,married
halt,stop
auditie,audition
randy,randy
lijdt,suffer
canada,Canada
draad,wire
ertoe,committed
south,south
uitgeput,exhausted
pikken,peck
ellie,ellie
ruimen,reaming
inzet,effort
haren,hairs
slaaf,slave
tara,tara
schreeuw,cry
koninklijke,royal
lage,low
liepen,walked
bewerkt,edited
concentreer,concentrate
zaal,room
jarig,birthday
grapjes,jokes
piano,piano
finn,finn
ontwikkeld,developed
ronnie,ronnie
l.a.,la.
kou,cold
vaardigheden,skills
gestraft,punished
omdraaien,turn around
besmet,contaminated
spoedig,soon
beurs,scholarship
schietpartij,shooting
opblazen,to blow up
up,up
vergiftigd,poisoned
leerling,pupil
algemeen,general
zonen,sons
ongemakkelijk,uncomfortable
indien,in the event that
prooi,prey
bevindt,is
aankomt,arrives
uitgang,Exit
jongedame,young lady
goedkope,cheap
bewaking,security
franklin,franklin
by,by
huil,cry
kurt,kurt
lauren,lauren
barney,barney
klimmen,to climb
november,November
uitkomt,opens
spelers,players
bijt,bites
schreeuwde,shouted
professionele,professional
bestanden,files
joan,joan
voordeur,front door
slaven,slave
dana,dana
regelmatig,regularly
mysterieuze,mysterious
doorgeven,pass around
modder,mud
ned,ned
kroon,Crown
maffia,mafia
functie,function
verward,confused
veranderingen,changes
sectie,section
vreugde,joy
serieuze,serious
nuchter,sober
typisch,typical
rechtszaal,courtroom
overdreven,overdone
beu,sick of
buitenaardse,alien
vergelijken,compare
gabriel,gabriel
nagels,nails
neal,neal
melissa,melissa
mel,mel
louise,louise
telefoonnummer,telephone number
snij,intersection
rory,rory
droomde,dreamed
zeep,soap
accent,accent
gefaald,failed
drieën,three
werknemers,employees
krachtig,powerful
cliënten,clients
geneukt,fucked
bronnen,sources
zelden,rarely
falen,to fail
congres,Congress
verlof,leave of absence
stefan,stefan
secretaresse,secretary
schouders,shoulders
that,That
christopher,christopher
afleiding,diversion
schakelen,switch
gestoorde,impaired
jungle,jungle
juwelen,jewellery
felix,felix
riem,Belt
geleefd,lived
oproepen,call
schoen,shoe
colin,colin
opgevallen,noticed
phoebe,Phoebe
herhalen,to repeat
relax,relax
exact,exact
enge,scary
caesar,Caesar
alison,alison
avenue,avenue
troost,consolation
aangeklaagd,indicted
shaw,shaw
verre,distant
hakken,Heels
gewapende,armed
oktober,October
uniek,unique
professioneel,professional
recente,recent
duw,push
cocaïne,cocaine
opsporen,track down
lek,leak
ralph,ralph
cellen,cells
teams,teams
allemachtig,good gracious
kenden,knew
voetbal,football
achternaam,last name
levenslang,lifetime
defensie,defence
bond,federation
turner,turner
curtis,curtis
earl,earl
afghanistan,afghanistan
opent,opens
parkeerplaats,parking spot
grazen,graze
ambassade,embassy
verdragen,endure
simpson,simpson
bloem,flower
vrijwillig,voluntary
geobsedeerd,obsessed
pierce,pierce
pleegde,committed
bloedt,bleeds
lets,Latvian
regelt,arranges
aanvaard,accepted
kalmeren,to calm down
hersteld,restored
veronica,veronica
tijger,Tiger
monsieur,monsieur
overeind,up
karl,karl
klop,knock
wenst,desired
brooke,brooke
stille,silent
spaans,Spanish
terugkwam,returned
pet,cap
bud,bud
kleintje,Shorty
kwartier,quarter
amerikaans,American
rita,rita
doorgaat,continues
verblijf,residence
script,script
sandra,sandra
chase,chase
innemen,occupy
tekort,shortage
ritje,ride
porno,porn
vrouwtje,female
tof,cool
streng,strict
grootmoeder,grandmother
britten,british
clown,clown
loyaliteit,loyalty
ln,ln
zweet,sweat
cultuur,culture
tiener,teen
wijf,woman
doorstaan,to endure
gina,gina
tracy,tracy
drijven,float
plots,suddenly
verhouding,ratio
geladen,loaded
totale,overall
fransen,french
respecteren,to respect
doorzocht,searched
beledigd,offended
gebeten,bitten
verstop,hide
coördinaten,coordinates
complete,complete
beleid,policy
detail,detail
wallace,wallace
apparatuur,equipment
achterhalen,track down
voortdurend,constantly
scholen,schools
traceren,tracking
praktijk,practice
bewijsmateriaal,evidence
smeris,cop
seksueel,sexual
klappen,clap
keken,watched
verstaan,understand
troon,throne
elkaars,each other's
verrassen,to surprise
bedank,thank
kwijtgeraakt,lost
warren,warren
liefst,up
for,for
se,se
bevolking,population
verbeteren,improve
trauma,trauma
elektrische,electrical
cowboy,cowboy
engelen,angels
stuart,stuart
bitch,bitch
salaris,salary
voortaan,from now on
bruin,brown
emotionele,emotional
blank,White
lamp,lamp
district,district
vermoorde,murdered
arrest,arrest
bishop,bishop
elliot,elliot
stoer,cool
verklaar,declare
banen,jobs
lente,spring
palmer,palmer
geniaal,ingenious
beëindigen,to end
achteraan,at the back
dekken,cover
lake,lake
onbeleefd,rude
bestand,file
machines,machinery
radar,radar
anderson,anderson
extreem,extreme
ingebroken,broke into
militair,military
gebruikten,used
morgens,morning
getuigenis,testimony
bod,offer
gebakken,fried
stapel,pile
jen,jen
misselijk,nauseous
front,front
bingo,bingo
wolven,wolves
plaat,plate
rob,seal
paus,Pope
overdag,during the day
sandy,sandy
beschuldigen,to blame
lex,lex
getest,tested
treffen,take
succesvol,successful
opening,opening
terrorist,terrorist
dale,dale
heksen,witches
politiebureau,police station
beroven,to rob
schaal,Scale
reageerde,responded
ontsnapte,escaped
verschijnen,to appear
janet,janet
maart,March
nicky,nicky
insecten,insects
schok,shock
zeldzaam,rare
sydney,sydney
ford,ford
seattle,seattle
kritiek,criticism
smeken,to beg
put,well
superman,superman
ontbreekt,is missing
vietnam,Vietnam
bijeen,together
besparen,save
naaien,sew
offer,sacrifice
mia,mia
naomi,naomi
autopsie,autopsy
manny,manny
zowat,about
sebastian,sebastian
eve,eve
verse,fresh
zwaartekracht,gravity
vanwaar,whence
stevie,stevie
helm,helmet
jill,Jill
gesneden,sliced
sue,sue
regent,is raining
verhoor,hearing
riskant,risky
dieven,thieves
leerlingen,pupils
natalie,natalie
inzetten,Bet
opstand,rising
schild,shield
sukkels,losers
zinloos,meaningless
versta,reasonable
mannelijke,male
verkiezingen,elections
fysiek,physical
paradijs,paradise
actrice,actress
jager,Hunter
leiders,leaders
katherine,katherine
staf,staff
aanklagen,to sue
toezicht,oversight
geluisterd,listened
lichte,light
activiteiten,activities
nutteloos,useless
apen,monkeys
moskou,Moscow
sokken,socks
opgezet,launched
bailey,bailey
onzichtbaar,invisible
echo,echo
wonderen,wonders
luid,loud
straling,radiation
jenna,jenna
beseffen,realize
nichtje,niece
boeien,shackles
behoort,belongs
charmant,charming
planeten,planets
daag,bye
verslaafd,addicted
voorkeur,preference
genaaid,sewn
vredesnaam,hell
kwade,evil
brandon,brandon
noodzakelijk,necessary
vic,vic
gebeden,prayers
tovenaar,magician
prijzen,Prices
gemene,vicious
le,le
ontwikkelen,develop
boyd,boyd
ademt,breathe
stapte,stepped
technische,technical
dawson,dawson
praktisch,practical
circus,circus
ongeval,accident
teruggeven,return
protocol,protocol
schut,bracts
biologische,organic
duidelijkheid,clearness
rondje,round
checken,check
ai,ai
doordat,because
blair,blair
bruine,brown
klaarmaken,prepare
leed,sorrow
marge,margin
schijn,appearance
brooklyn,brooklyn
infectie,infection
zack,zack
dagelijks,daily
voert,conducts
mislukt,failed
duits,German
stapt,steps
daarnet,just now
bedekt,covered
becky,becky
opwindend,exciting
zogenaamde,so-called
baker,nurse
ogenblikje,just a moment
amber,amber
autoriteiten,authorities
medicatie,medication
ontploft,explodes
contacten,contacts
operaties,operations
manhattan,Manhattan
raketten,missiles
prioriteit,priority
special,special
intelligent,intelligent
lawrence,lawrence
therapeut,therapist
huilt,howls
koper,copper
vervloekt,accursed
tegenstander,opponent
au,au
satelliet,satellite
afnemen,decrease
uitleg,explanation
kofferbak,trunk
fascinerend,fascinating
grand,grand
service,service
schuilplaats,hideout
schilderen,Paint
mekaar,eachother
boekje,booklet
hope,hope
kruipen,to crawl
tempo,pace
depressief,depressed
huisje,cottage
cameron,cameron
shock,shock
joodse,Jewish
afgeleid,distracted
product,product
passagiers,passengers
aanpassen,To adjust
paranoïde,paranoid
uitmaakt,part
ongetwijfeld,doubtless
aankwam,arrived
overlevenden,survivors
bestemming,destination
gewelddadig,violent
winkelcentrum,mall
doyle,doyle
sparen,save
spreuk,saying
papierwerk,paperwork
burke,burke
tandarts,dentist
analyse,analysis
menigte,crowd
baard,beard
oppas,babysit
goeiemorgen,good morning
ceremonie,ceremony
omgekomen,killed
bakken,baking
kennedy,kennedy
officieren,officers
verknald,messed up
vrijwel,almost
hanna,hanna
vergif,poison
mariniers,marines
scan,scan
tenen,toes
tegelijkertijd,at the same time
gene,gene
beschrijven,describe
daphne,daphne
beach,beach
shawn,shawn
east,east
eenzame,lonely
chips,potato chips
grootte,size
freddy,freddy
verrot,rotten
gezonde,healthy
luxe,luxury
pijp,pipe
caleb,caleb
duncan,duncan
afgenomen,decreased
nikki,nikki
huilde,cried
vampiers,vampires
speelden,played
am,am
bekijkt,viewing
veertig,forty
terugkeer,return
oprecht,sincerely
maten,sizes
gelegen,situated
verzekeren,to ensure
vergunning,permit
geschorst,suspended
werelden,worlds
geleend,borrowed
alvast,already
pil,pill
beschermde,protected
oppassen,beware
egoïstisch,selfish
serena,serena
uitnodigen,to invite
nucleaire,nuclear
verklaard,explained
winston,winston
ofzo,something
minuutje,minute
uitstappen,to get off
your,your
dadelijk,immediately
noord,north
vastgebonden,strapped
graham,graham
woody,woody
italiaanse,Italian
eikels,acorns
hunter,hunter
gijzelaars,hostages
mazzel,luck
blinde,ghost
lost,solves
lijkschouwer,coroner
naald,needle
vreemden,strangers
koeien,cows
pan,pan
heilig,holy
sterkste,strongest
leon,leon
lukte,succeeded
wachtwoord,password
wyatt,wyatt
patty,patty
instinct,instinct
harrison,harrison
beperkt,limited
hamer,hammer
bewaken,to guard
slaag,beatings
adams,adams
leeuw,lion
wisselen,exchange
metaal,metal
creditcard,credit card
jarenlang,years
troy,troy
staal,steel
chemische,chemical
x,X
zeuren,whine
sector,sector
vreemds,strange
rondlopen,walk around
rosie,rosie
gênant,embarrassing
acties,actions
tuig,rig
genoten,enjoyed
toast,toast
getroffen,affected
zach,zach
herinnerde,recalled
reeds,already
tegenstelling,opposition
gekken,crazy
transport,transport
communiceren,to communicate
koppig,stubbornly
benny,benny
clyde,clyde
deken,blanket
doelen,goals
hobby,hobby
lening,loan
schei,separators
vroege,early
rebellen,rebels
natie,nation
figuur,figure
nakijken,check
buck,buck
redding,rescue
kirk,kirk
alhoewel,although
verbazingwekkend,astonishing
kira,kira
beschouw,consider
bell,bell
atmosfeer,atmosphere
lachte,laughed
id,id
twijfelen,doubt
examen,exam
aantrekken,attract
jagers,hunters
kalkoen,Turkey
huwelijksreis,honeymoon
elektriciteit,electricity
marco,marco
steeg,lane
wodka,vodka
warmte,Warmth
verdere,further
kwaliteit,quality
uitstekende,excellent
be,be
rotsen,rocks
watson,watson
tragedie,tragedy
haley,haley
doorgebracht,spent
pat,pat
politieman,police officer
simply,simply
koppel,couple
tumor,tumor
appel,Apple
jan,Jan
christine,christine
treden,step
wolken,clouds
donald,donald
gevlucht,escaped
stam,tribe
straal,Ray
liedjes,songs
dwong,forced
poten,legs
afvragen,questioning
uitgevonden,invented
gitaar,guitar
verzin,countersink
terugbellen,call back
kletsen,gossip
december,December
uitzondering,exception
plaatselijke,local
trui,sweater
organiseren,to organize
compliment,compliment
minnaar,lover
enterprise,enterprise
kudde,herd
hierna,after this
neuk,fuck
nora,nora
adviseur,counselor
em,em
opgehaald,picked up
zesde,sixth
aankan,can handle
muis,mouse
lieveling,Darling
respecteer,respect
spieren,muscles
haak,hook
aangetrokken,attracted
violet,violet
world,world
wijsheid,wisdom
herstel,recovery
nachtmerries,nightmares
connectie,connection
cam,cam
gehoopt,hoped
ticket,ticket
eenvoudige,simple
blanken,whites
harten,hearts
verzorgen,take care of
gedicht,poem
inzien,see
freddie,freddie
kap,cap
knal,pop
intussen,Meanwhile
kleinzoon,grandson
verzetten,move
jaagt,hunting
grey,gray
eis,requirement
buitenland,abroad
ongeacht,regardless of
g,g
krijt,chalk
oven,oven
gps,gps
januari,January
benjamin,Benjamin
roos,rose
leuks,fun
denise,denise
zachte,soft
douglas,douglas
air,air
grondig,thoroughly
bestuurder,driver
vallei,valley
aanvaarden,accept
heden,present day
hieraan,thereto
achtervolgen,Chase
database,database
weddenschap,bet
dc,dc
australië,Australia
achterlijk,retarded
vereerd,honored
receptie,front desk
stoort,bothers
jessie,jessie
holmes,holmes
menu,menu
opende,opened
klere,fucking
klooster,monastery
oogje,eye
voorstelling,representation
gestaan,been
barnes,barnes
gebeurtenis,event
hoofden,heads
balans,balance
uitspraak,statement
l,l
logeren,stay
schrik,fright
medewerkers,Staff members
times,times
tatoeage,tattoo
visioen,vision
dealer,agent
nieuwste,newest
dekmantel,cloak
scheppen,create
guy,guy
overtuigend,convincingly
specifiek,specific
stark,stark
knopen,knot
day,day
ranch,ranch
boter,butter
golven,waves
belasting,tax
ridder,knight
tanks,tanks
bezoekers,visitors
waaronder,among which
gewoond,lived
speciaals,special
mick,mick
may,may
diploma,diploma
liter,liter
ontwikkeling,development
wandeling,walk
handboeien,handcuffs
zielige,pathetic
inwoners,inhabitants
out,out
stoere,tough
lance,lance
rechterhand,right
geluiden,sounds
achterdeur,backdoor
mode,fashion
afspraken,appointments
groepen,groups
teleur,disappoints
behandel,treatment
banken,banks
hecht,close
springt,jumps
rosco,rosco
blonde,blonde
ex-vrouw,ex-wife
unieke,unique
litteken,scar
tapijt,carpet
kunstenaar,artist
flessen,bottles
blond,blond
systemen,systems
schurk,villain
claudia,claudia
teleurstellen,disappoint
sullivan,sullivan
termijn,deadline
eindigde,ended up
beschrijving,description
onderschat,underestimated
kloten,balls
slangen,snakes
nader,further
rent,rent
gebieden,areas
morris,morris
alpha,alpha
publieke,public
maatschappij,society
opletten,pay attention
positieve,positive
vette,oily
romantische,romantic
organen,organs
pierre,pierre
beledigen,to offend
loser,loser
cake,Cake
bestuderen,study
stort,landfill
stalen,steel
robbie,robbie
harvard,harvard
cindy,cindy
varkens,pigs
verberg,hide
drew,drew
spook,ghost
hierop,this
ezel,donkey
jongeren,youth
geïdentificeerd,identified
diagnose,diagnosis
geroepen,called
kijkje,peek
spijtig,regrettable
duim,thumb
vertelden,told
tientallen,dozens
u.,you.
economie,economy
weerstaan,to resist
gebruikelijke,usual
gigantische,giant
finale,final
kitty,kitty
gezegend,blessed
directe,direct
gewist,deleted
beweren,claim
hechtenis,custody
raadsel,puzzle
langzamer,slower
waardeloze,worthless
spionnen,spies
piper,piper
stoelen,chairs
beschaving,civilization
erna,thereafter
bedriegen,to cheat
foute,false
oranje,Orange
verbind,connect
wijk,neighbourhood
traag,slow
eeuwigheid,eternity
eerlijkheid,honesty
woonkamer,living room
hot,hot
bereiden,prepare
vreemdeling,stranger
goedgekeurd,approved
serveerster,waitress
fysieke,physical
dappere,brave
thompson,thompson
omkleden,get changed
sire,Sire
haai,shark
klaus,klaus
ademhalen,breathe
zakenman,businessman
geopereerd,had surgery
grijze,gray
daten,to date
kwijtraken,lose
lengte,length
vereist,necessary
lijnen,lines
houston,houston
isaac,isaac
ontwerp,design
betrekken,involve
ongewoon,unusually
elders,elsewhere
duister,dark
bepaalt,determines
zilveren,silver
ondervraagd,questioned
handdoek,towel
expres,deliberately
luchthaven,airport
coke,coke
lerares,female teacher
origineel,original
dosis,dose
e-mails,Emails
machtig,mighty
voegen,joint
mietje,sissy
gekust,kissed
inhoud,content
ego,ego
nare,nasty
waardevol,valuable
voorkant,front side
hopeloos,hopeless
afgemaakt,finished
avondeten,supper
uiterste,extreme
spaanse,Spanish
realiseer,realize
lindsay,lindsay
geel,yellow
bewaakt,monitors
negeer,Ignore
snor,Moustache
eed,oath
klopte,beat
academie,academy
afzetten,drop off
gewassen,crops
verlopen,expired
voorouders,ancestors
dreiging,threat
linker,left
tucker,tucker
